n_panels,battery_capacity_kwh,autoconsommation,autoproduction,composite_criterion,total_local_consumption_kWh,total_consumption_kWh,total_production_kWh,initial_soe_kWh,final_soe_kWh
0,0,100,0,50.00000,0,386,0,0,0
0,5,100,0,50.00000,0,386,0,3,0
0,10,100,0,50.00000,0,386,0,5,0
0,15,100,0,50.00000,0,386,0,8,0
0,20,100,0,50.00000,0,386,0,10,0
0,25,100,0,50.00000,0,386,0,13,0
0,30,100,0,50.00000,0,386,0,15,0
0,35,100,0,50.00000,0,386,0,18,0
0,40,100,0,50.00000,0,386,0,20,0
0,45,100,0,50.00000,0,386,0,23,0
0,50,100,0,50.00000,0,386,0,25,0
0,55,100,0,50.00000,0,386,0,28,0
0,60,100,0,50.00000,0,386,0,30,0
0,65,100,0,50.00000,0,386,0,33,0
0,70,100,0,50.00000,0,386,0,35,0
0,75,100,0,50.00000,0,386,0,38,0
0,80,100,0,50.00000,0,386,0,40,0
0,85,100,0,50.00000,0,386,0,43,0
0,90,100,0,50.00000,0,386,0,45,0
0,95,100,0,50.00000,0,386,0,48,0
0,100,100,0,50.00000,0,386,0,50,0
1,0,100,2,51.11798,9,386,9,0,0
1,5,100,2,51.11798,9,386,9,3,0
1,10,100,2,51.11798,9,386,9,5,0
1,15,100,2,51.11798,9,386,9,8,0
1,20,100,2,51.11798,9,386,9,10,0
1,25,100,2,51.11798,9,386,9,13,0
1,30,100,2,51.11798,9,386,9,15,0
1,35,100,2,51.11798,9,386,9,18,0
1,40,100,2,51.11798,9,386,9,20,0
1,45,100,2,51.11798,9,386,9,23,0
1,50,100,2,51.11798,9,386,9,25,0
1,55,100,2,51.11798,9,386,9,28,0
1,60,100,2,51.11798,9,386,9,30,0
1,65,100,2,51.11798,9,386,9,33,0
1,70,100,2,51.11798,9,386,9,35,0
1,75,100,2,51.11798,9,386,9,38,0
1,80,100,2,51.11798,9,386,9,40,0
1,85,100,2,51.11798,9,386,9,43,0
1,90,100,2,51.11798,9,386,9,45,0
1,95,100,2,51.11798,9,386,9,48,0
1,100,100,2,51.11798,9,386,9,50,0
2,0,100,4,52.23596,17,386,17,0,0
2,5,100,4,52.23596,17,386,17,3,0
2,10,100,4,52.23596,17,386,17,5,0
2,15,100,4,52.23596,17,386,17,8,0
2,20,100,4,52.23596,17,386,17,10,0
2,25,100,4,52.23596,17,386,17,13,0
2,30,100,4,52.23596,17,386,17,15,0
2,35,100,4,52.23596,17,386,17,18,0
2,40,100,4,52.23596,17,386,17,20,0
2,45,100,4,52.23596,17,386,17,23,0
2,50,100,4,52.23596,17,386,17,25,0
2,55,100,4,52.23596,17,386,17,28,0
2,60,100,4,52.23596,17,386,17,30,0
2,65,100,4,52.23596,17,386,17,33,0
2,70,100,4,52.23596,17,386,17,35,0
2,75,100,4,52.23596,17,386,17,38,0
2,80,100,4,52.23596,17,386,17,40,0
2,85,100,4,52.23596,17,386,17,43,0
2,90,100,4,52.23596,17,386,17,45,0
2,95,100,4,52.23596,17,386,17,48,0
2,100,100,4,52.23596,17,386,17,50,0
3,0,100,7,53.35393,26,386,26,0,0
3,5,100,7,53.35393,26,386,26,3,0
3,10,100,7,53.35393,26,386,26,5,0
3,15,100,7,53.35393,26,386,26,8,0
3,20,100,7,53.35393,26,386,26,10,0
3,25,100,7,53.35393,26,386,26,13,0
3,30,100,7,53.35393,26,386,26,15,0
3,35,100,7,53.35393,26,386,26,18,0
3,40,100,7,53.35393,26,386,26,20,0
3,45,100,7,53.35393,26,386,26,23,0
3,50,100,7,53.35393,26,386,26,25,0
3,55,100,7,53.35393,26,386,26,28,0
3,60,100,7,53.35393,26,386,26,30,0
3,65,100,7,53.35393,26,386,26,33,0
3,70,100,7,53.35393,26,386,26,35,0
3,75,100,7,53.35393,26,386,26,38,0
3,80,100,7,53.35393,26,386,26,40,0
3,85,100,7,53.35393,26,386,26,43,0
3,90,100,7,53.35393,26,386,26,45,0
3,95,100,7,53.35393,26,386,26,48,0
3,100,100,7,53.35393,26,386,26,50,0
4,0,100,9,54.47191,35,386,35,0,0
4,5,100,9,54.47191,35,386,35,3,0
4,10,100,9,54.47191,35,386,35,5,0
4,15,100,9,54.47191,35,386,35,8,0
4,20,100,9,54.47191,35,386,35,10,0
4,25,100,9,54.47191,35,386,35,13,0
4,30,100,9,54.47191,35,386,35,15,0
4,35,100,9,54.47191,35,386,35,18,0
4,40,100,9,54.47191,35,386,35,20,0
4,45,100,9,54.47191,35,386,35,23,0
4,50,100,9,54.47191,35,386,35,25,0
4,55,100,9,54.47191,35,386,35,28,0
4,60,100,9,54.47191,35,386,35,30,0
4,65,100,9,54.47191,35,386,35,33,0
4,70,100,9,54.47191,35,386,35,35,0
4,75,100,9,54.47191,35,386,35,38,0
4,80,100,9,54.47191,35,386,35,40,0
4,85,100,9,54.47191,35,386,35,43,0
4,90,100,9,54.47191,35,386,35,45,0
4,95,100,9,54.47191,35,386,35,48,0
4,100,100,9,54.47191,35,386,35,50,0
5,0,100,11,55.58989,43,386,43,0,0
5,5,100,11,55.58989,43,386,43,3,0
5,10,100,11,55.58989,43,386,43,5,0
5,15,100,11,55.58989,43,386,43,8,0
5,20,100,11,55.58989,43,386,43,10,0
5,25,100,11,55.58989,43,386,43,13,0
5,30,100,11,55.58989,43,386,43,15,0
5,35,100,11,55.58989,43,386,43,18,0
5,40,100,11,55.58989,43,386,43,20,0
5,45,100,11,55.58989,43,386,43,23,0
5,50,100,11,55.58989,43,386,43,25,0
5,55,100,11,55.58989,43,386,43,28,0
5,60,100,11,55.58989,43,386,43,30,0
5,65,100,11,55.58989,43,386,43,33,0
5,70,100,11,55.58989,43,386,43,35,0
5,75,100,11,55.58989,43,386,43,38,0
5,80,100,11,55.58989,43,386,43,40,0
5,85,100,11,55.58989,43,386,43,43,0
5,90,100,11,55.58989,43,386,43,45,0
5,95,100,11,55.58989,43,386,43,48,0
5,100,100,11,55.58989,43,386,43,50,0
6,0,100,13,56.70622,52,386,52,0,0
6,5,100,13,56.70787,52,386,52,3,0
6,10,100,13,56.70787,52,386,52,5,0
6,15,100,13,56.70787,52,386,52,8,0
6,20,100,13,56.70787,52,386,52,10,0
6,25,100,13,56.70787,52,386,52,13,0
6,30,100,13,56.70787,52,386,52,15,0
6,35,100,13,56.70787,52,386,52,18,0
6,40,100,13,56.70787,52,386,52,20,0
6,45,100,13,56.70787,52,386,52,23,0
6,50,100,13,56.70787,52,386,52,25,0
6,55,100,13,56.70787,52,386,52,28,0
6,60,100,13,56.70787,52,386,52,30,0
6,65,100,13,56.70787,52,386,52,33,0
6,70,100,13,56.70787,52,386,52,35,0
6,75,100,13,56.70787,52,386,52,38,0
6,80,100,13,56.70787,52,386,52,40,0
6,85,100,13,56.70787,52,386,52,43,0
6,90,100,13,56.70787,52,386,52,45,0
6,95,100,13,56.70787,52,386,52,48,0
6,100,100,13,56.70787,52,386,52,50,0
7,0,100,16,57.81391,60,386,60,0,0
7,5,100,16,57.82584,60,386,60,3,0
7,10,100,16,57.82584,60,386,60,5,0
7,15,100,16,57.82584,60,386,60,8,0
7,20,100,16,57.82584,60,386,60,10,0
7,25,100,16,57.82584,60,386,60,13,0
7,30,100,16,57.82584,60,386,60,15,0
7,35,100,16,57.82584,60,386,60,18,0
7,40,100,16,57.82584,60,386,60,20,0
7,45,100,16,57.82584,60,386,60,23,0
7,50,100,16,57.82584,60,386,60,25,0
7,55,100,16,57.82584,60,386,60,28,0
7,60,100,16,57.82584,60,386,60,30,0
7,65,100,16,57.82584,60,386,60,33,0
7,70,100,16,57.82584,60,386,60,35,0
7,75,100,16,57.82584,60,386,60,38,0
7,80,100,16,57.82584,60,386,60,40,0
7,85,100,16,57.82584,60,386,60,43,0
7,90,100,16,57.82584,60,386,60,45,0
7,95,100,16,57.82584,60,386,60,48,0
7,100,100,16,57.82584,60,386,60,50,0
8,0,100,18,58.89655,69,386,69,0,0
8,5,100,18,58.94382,69,386,69,3,0
8,10,100,18,58.94382,69,386,69,5,0
8,15,100,18,58.94382,69,386,69,8,0
8,20,100,18,58.94382,69,386,69,10,0
8,25,100,18,58.94382,69,386,69,13,0
8,30,100,18,58.94382,69,386,69,15,0
8,35,100,18,58.94382,69,386,69,18,0
8,40,100,18,58.94382,69,386,69,20,0
8,45,100,18,58.94382,69,386,69,23,0
8,50,100,18,58.94382,69,386,69,25,0
8,55,100,18,58.94382,69,386,69,28,0
8,60,100,18,58.94382,69,386,69,30,0
8,65,100,18,58.94382,69,386,69,33,0
8,70,100,18,58.94382,69,386,69,35,0
8,75,100,18,58.94382,69,386,69,38,0
8,80,100,18,58.94382,69,386,69,40,0
8,85,100,18,58.94382,69,386,69,43,0
8,90,100,18,58.94382,69,386,69,45,0
8,95,100,18,58.94382,69,386,69,48,0
8,100,100,18,58.94382,69,386,69,50,0
9,0,100,20,59.91817,77,386,78,0,0
9,5,100,20,60.06180,78,386,78,3,0
9,10,100,20,60.06180,78,386,78,5,0
9,15,100,20,60.06180,78,386,78,8,0
9,20,100,20,60.06180,78,386,78,10,0
9,25,100,20,60.06180,78,386,78,13,0
9,30,100,20,60.06180,78,386,78,15,0
9,35,100,20,60.06180,78,386,78,18,0
9,40,100,20,60.06180,78,386,78,20,0
9,45,100,20,60.06180,78,386,78,23,0
9,50,100,20,60.06180,78,386,78,25,0
9,55,100,20,60.06180,78,386,78,28,0
9,60,100,20,60.06180,78,386,78,30,0
9,65,100,20,60.06180,78,386,78,33,0
9,70,100,20,60.06180,78,386,78,35,0
9,75,100,20,60.06180,78,386,78,38,0
9,80,100,20,60.06180,78,386,78,40,0
9,85,100,20,60.06180,78,386,78,43,0
9,90,100,20,60.06180,78,386,78,45,0
9,95,100,20,60.06180,78,386,78,48,0
9,100,100,20,60.06180,78,386,78,50,0
10,0,99,22,60.83114,86,386,86,0,0
10,5,100,22,61.17978,86,386,86,3,0
10,10,100,22,61.17978,86,386,86,5,0
10,15,100,22,61.17978,86,386,86,8,0
10,20,100,22,61.17978,86,386,86,10,0
10,25,100,22,61.17978,86,386,86,13,0
10,30,100,22,61.17978,86,386,86,15,0
10,35,100,22,61.17978,86,386,86,18,0
10,40,100,22,61.17978,86,386,86,20,0
10,45,100,22,61.17978,86,386,86,23,0
10,50,100,22,61.17978,86,386,86,25,0
10,55,100,22,61.17978,86,386,86,28,0
10,60,100,22,61.17978,86,386,86,30,0
10,65,100,22,61.17978,86,386,86,33,0
10,70,100,22,61.17978,86,386,86,35,0
10,75,100,22,61.17978,86,386,86,38,0
10,80,100,22,61.17978,86,386,86,40,0
10,85,100,22,61.17978,86,386,86,43,0
10,90,100,22,61.17978,86,386,86,45,0
10,95,100,22,61.17978,86,386,86,48,0
10,100,100,22,61.17978,86,386,86,50,0
11,0,99,24,61.56779,94,386,95,0,0
11,5,100,25,62.29776,95,386,95,3,0
11,10,100,25,62.29776,95,386,95,5,0
11,15,100,25,62.29776,95,386,95,8,0
11,20,100,25,62.29776,95,386,95,10,0
11,25,100,25,62.29776,95,386,95,13,0
11,30,100,25,62.29776,95,386,95,15,0
11,35,100,25,62.29776,95,386,95,18,0
11,40,100,25,62.29776,95,386,95,20,0
11,45,100,25,62.29776,95,386,95,23,0
11,50,100,25,62.29776,95,386,95,25,0
11,55,100,25,62.29776,95,386,95,28,0
11,60,100,25,62.29776,95,386,95,30,0
11,65,100,25,62.29776,95,386,95,33,0
11,70,100,25,62.29776,95,386,95,35,0
11,75,100,25,62.29776,95,386,95,38,0
11,80,100,25,62.29776,95,386,95,40,0
11,85,100,25,62.29776,95,386,95,43,0
11,90,100,25,62.29776,95,386,95,45,0
11,95,100,25,62.29776,95,386,95,48,0
11,100,100,25,62.29776,95,386,95,50,0
12,0,98,26,62.07388,101,386,104,0,0
12,5,100,27,63.41573,104,386,104,3,0
12,10,100,27,63.41573,104,386,104,5,0
12,15,100,27,63.41573,104,386,104,8,0
12,20,100,27,63.41573,104,386,104,10,0
12,25,100,27,63.41573,104,386,104,13,0
12,30,100,27,63.41573,104,386,104,15,0
12,35,100,27,63.41573,104,386,104,18,0
12,40,100,27,63.41573,104,386,104,20,0
12,45,100,27,63.41573,104,386,104,23,0
12,50,100,27,63.41573,104,386,104,25,0
12,55,100,27,63.41573,104,386,104,28,0
12,60,100,27,63.41573,104,386,104,30,0
12,65,100,27,63.41573,104,386,104,33,0
12,70,100,27,63.41573,104,386,104,35,0
12,75,100,27,63.41573,104,386,104,38,0
12,80,100,27,63.41573,104,386,104,40,0
12,85,100,27,63.41573,104,386,104,43,0
12,90,100,27,63.41573,104,386,104,45,0
12,95,100,27,63.41573,104,386,104,48,0
12,100,100,27,63.41573,104,386,104,50,0
13,0,97,28,62.34880,108,386,112,0,0
13,5,100,29,64.53371,112,386,112,3,0
13,10,100,29,64.53371,112,386,112,5,0
13,15,100,29,64.53371,112,386,112,8,0
13,20,100,29,64.53371,112,386,112,10,0
13,25,100,29,64.53371,112,386,112,13,0
13,30,100,29,64.53371,112,386,112,15,0
13,35,100,29,64.53371,112,386,112,18,0
13,40,100,29,64.53371,112,386,112,20,0
13,45,100,29,64.53371,112,386,112,23,0
13,50,100,29,64.53371,112,386,112,25,0
13,55,100,29,64.53371,112,386,112,28,0
13,60,100,29,64.53371,112,386,112,30,0
13,65,100,29,64.53371,112,386,112,33,0
13,70,100,29,64.53371,112,386,112,35,0
13,75,100,29,64.53371,112,386,112,38,0
13,80,100,29,64.53371,112,386,112,40,0
13,85,100,29,64.53371,112,386,112,43,0
13,90,100,29,64.53371,112,386,112,45,0
13,95,100,29,64.53371,112,386,112,48,0
13,100,100,29,64.53371,112,386,112,50,0
14,0,95,30,62.46453,115,386,121,0,0
14,5,100,31,65.65169,121,386,121,3,0
14,10,100,31,65.65169,121,386,121,5,0
14,15,100,31,65.65169,121,386,121,8,0
14,20,100,31,65.65169,121,386,121,10,0
14,25,100,31,65.65169,121,386,121,13,0
14,30,100,31,65.65169,121,386,121,15,0
14,35,100,31,65.65169,121,386,121,18,0
14,40,100,31,65.65169,121,386,121,20,0
14,45,100,31,65.65169,121,386,121,23,0
14,50,100,31,65.65169,121,386,121,25,0
14,55,100,31,65.65169,121,386,121,28,0
14,60,100,31,65.65169,121,386,121,30,0
14,65,100,31,65.65169,121,386,121,33,0
14,70,100,31,65.65169,121,386,121,35,0
14,75,100,31,65.65169,121,386,121,38,0
14,80,100,31,65.65169,121,386,121,40,0
14,85,100,31,65.65169,121,386,121,43,0
14,90,100,31,65.65169,121,386,121,45,0
14,95,100,31,65.65169,121,386,121,48,0
14,100,100,31,65.65169,121,386,121,50,0
15,0,94,31,62.45734,121,386,129,0,0
15,5,100,34,66.76967,129,386,129,3,0
15,10,100,34,66.76967,129,386,129,5,0
15,15,100,34,66.76967,129,386,129,8,0
15,20,100,34,66.76967,129,386,129,10,0
15,25,100,34,66.76967,129,386,129,13,0
15,30,100,34,66.76967,129,386,129,15,0
15,35,100,34,66.76967,129,386,129,18,0
15,40,100,34,66.76967,129,386,129,20,0
15,45,100,34,66.76967,129,386,129,23,0
15,50,100,34,66.76967,129,386,129,25,0
15,55,100,34,66.76967,129,386,129,28,0
15,60,100,34,66.76967,129,386,129,30,0
15,65,100,34,66.76967,129,386,129,33,0
15,70,100,34,66.76967,129,386,129,35,0
15,75,100,34,66.76967,129,386,129,38,0
15,80,100,34,66.76967,129,386,129,40,0
15,85,100,34,66.76967,129,386,129,43,0
15,90,100,34,66.76967,129,386,129,45,0
15,95,100,34,66.76967,129,386,129,48,0
15,100,100,34,66.76967,129,386,129,50,0
16,0,92,33,62.31527,127,386,138,0,0
16,5,100,36,67.88764,138,386,138,3,0
16,10,100,36,67.88764,138,386,138,5,0
16,15,100,36,67.88764,138,386,138,8,0
16,20,100,36,67.88764,138,386,138,10,0
16,25,100,36,67.88764,138,386,138,13,0
16,30,100,36,67.88764,138,386,138,15,0
16,35,100,36,67.88764,138,386,138,18,0
16,40,100,36,67.88764,138,386,138,20,0
16,45,100,36,67.88764,138,386,138,23,0
16,50,100,36,67.88764,138,386,138,25,0
16,55,100,36,67.88764,138,386,138,28,0
16,60,100,36,67.88764,138,386,138,30,0
16,65,100,36,67.88764,138,386,138,33,0
16,70,100,36,67.88764,138,386,138,35,0
16,75,100,36,67.88764,138,386,138,38,0
16,80,100,36,67.88764,138,386,138,40,0
16,85,100,36,67.88764,138,386,138,43,0
16,90,100,36,67.88764,138,386,138,45,0
16,95,100,36,67.88764,138,386,138,48,0
16,100,100,36,67.88764,138,386,138,50,0
17,0,90,34,62.01314,132,386,147,0,0
17,5,100,38,69.00562,147,386,147,3,0
17,10,100,38,69.00562,147,386,147,5,0
17,15,100,38,69.00562,147,386,147,8,0
17,20,100,38,69.00562,147,386,147,10,0
17,25,100,38,69.00562,147,386,147,13,0
17,30,100,38,69.00562,147,386,147,15,0
17,35,100,38,69.00562,147,386,147,18,0
17,40,100,38,69.00562,147,386,147,20,0
17,45,100,38,69.00562,147,386,147,23,0
17,50,100,38,69.00562,147,386,147,25,0
17,55,100,38,69.00562,147,386,147,28,0
17,60,100,38,69.00562,147,386,147,30,0
17,65,100,38,69.00562,147,386,147,33,0
17,70,100,38,69.00562,147,386,147,35,0
17,75,100,38,69.00562,147,386,147,38,0
17,80,100,38,69.00562,147,386,147,40,0
17,85,100,38,69.00562,147,386,147,43,0
17,90,100,38,69.00562,147,386,147,45,0
17,95,100,38,69.00562,147,386,147,48,0
17,100,100,38,69.00562,147,386,147,50,0
18,0,88,35,61.60010,136,386,155,0,0
18,5,100,40,70.12360,155,386,155,3,0
18,10,100,40,70.12360,155,386,155,5,0
18,15,100,40,70.12360,155,386,155,8,0
18,20,100,40,70.12360,155,386,155,10,0
18,25,100,40,70.12360,155,386,155,13,0
18,30,100,40,70.12360,155,386,155,15,0
18,35,100,40,70.12360,155,386,155,18,0
18,40,100,40,70.12360,155,386,155,20,0
18,45,100,40,70.12360,155,386,155,23,0
18,50,100,40,70.12360,155,386,155,25,0
18,55,100,40,70.12360,155,386,155,28,0
18,60,100,40,70.12360,155,386,155,30,0
18,65,100,40,70.12360,155,386,155,33,0
18,70,100,40,70.12360,155,386,155,35,0
18,75,100,40,70.12360,155,386,155,38,0
18,80,100,40,70.12360,155,386,155,40,0
18,85,100,40,70.12360,155,386,155,43,0
18,90,100,40,70.12360,155,386,155,45,0
18,95,100,40,70.12360,155,386,155,48,0
18,100,100,40,70.12360,155,386,155,50,0
19,0,86,36,61.07782,141,386,164,0,0
19,5,99,42,70.71464,163,386,164,3,0
19,10,100,42,71.24158,164,386,164,5,0
19,15,100,42,71.24158,164,386,164,8,0
19,20,100,42,71.24158,164,386,164,10,0
19,25,100,42,71.24158,164,386,164,13,0
19,30,100,42,71.24158,164,386,164,15,0
19,35,100,42,71.24158,164,386,164,18,0
19,40,100,42,71.24158,164,386,164,20,0
19,45,100,42,71.24158,164,386,164,23,0
19,50,100,42,71.24158,164,386,164,25,0
19,55,100,42,71.24158,164,386,164,28,0
19,60,100,42,71.24158,164,386,164,30,0
19,65,100,42,71.24158,164,386,164,33,0
19,70,100,42,71.24158,164,386,164,35,0
19,75,100,42,71.24158,164,386,164,38,0
19,80,100,42,71.24158,164,386,164,40,0
19,85,100,42,71.24158,164,386,164,43,0
19,90,100,42,71.24158,164,386,164,45,0
19,95,100,42,71.24158,164,386,164,48,0
19,100,100,42,71.24158,164,386,164,50,0
20,0,84,37,60.49637,144,386,173,0,0
20,5,99,44,71.29086,170,386,173,3,0
20,10,100,45,72.35956,173,386,173,5,0
20,15,100,45,72.35956,173,386,173,8,0
20,20,100,45,72.35956,173,386,173,10,0
20,25,100,45,72.35956,173,386,173,13,0
20,30,100,45,72.35956,173,386,173,15,0
20,35,100,45,72.35956,173,386,173,18,0
20,40,100,45,72.35956,173,386,173,20,0
20,45,100,45,72.35956,173,386,173,23,0
20,50,100,45,72.35956,173,386,173,25,0
20,55,100,45,72.35956,173,386,173,28,0
20,60,100,45,72.35956,173,386,173,30,0
20,65,100,45,72.35956,173,386,173,33,0
20,70,100,45,72.35956,173,386,173,35,0
20,75,100,45,72.35956,173,386,173,38,0
20,80,100,45,72.35956,173,386,173,40,0
20,85,100,45,72.35956,173,386,173,43,0
20,90,100,45,72.35956,173,386,173,45,0
20,95,100,45,72.35956,173,386,173,48,0
20,100,100,45,72.35956,173,386,173,50,0
21,0,81,38,59.87538,148,386,181,0,0
21,5,97,46,71.35101,176,386,181,3,0
21,10,100,47,73.47753,181,386,181,5,0
21,15,100,47,73.47753,181,386,181,8,0
21,20,100,47,73.47753,181,386,181,10,0
21,25,100,47,73.47753,181,386,181,13,0
21,30,100,47,73.47753,181,386,181,15,0
21,35,100,47,73.47753,181,386,181,18,0
21,40,100,47,73.47753,181,386,181,20,0
21,45,100,47,73.47753,181,386,181,23,0
21,50,100,47,73.47753,181,386,181,25,0
21,55,100,47,73.47753,181,386,181,28,0
21,60,100,47,73.47753,181,386,181,30,0
21,65,100,47,73.47753,181,386,181,33,0
21,70,100,47,73.47753,181,386,181,35,0
21,75,100,47,73.47753,181,386,181,38,0
21,80,100,47,73.47753,181,386,181,40,0
21,85,100,47,73.47753,181,386,181,43,0
21,90,100,47,73.47753,181,386,181,45,0
21,95,100,47,73.47753,181,386,181,48,0
21,100,100,47,73.47753,181,386,181,50,0
22,0,79,39,59.21960,151,386,190,0,0
22,5,95,47,70.85267,180,386,190,3,0
22,10,100,49,74.44904,189,386,190,5,0
22,15,100,49,74.59551,190,386,190,8,0
22,20,100,49,74.59551,190,386,190,10,0
22,25,100,49,74.59551,190,386,190,13,0
22,30,100,49,74.59551,190,386,190,15,0
22,35,100,49,74.59551,190,386,190,18,0
22,40,100,49,74.59551,190,386,190,20,0
22,45,100,49,74.59551,190,386,190,23,0
22,50,100,49,74.59551,190,386,190,25,0
22,55,100,49,74.59551,190,386,190,28,0
22,60,100,49,74.59551,190,386,190,30,0
22,65,100,49,74.59551,190,386,190,33,0
22,70,100,49,74.59551,190,386,190,35,0
22,75,100,49,74.59551,190,386,190,38,0
22,80,100,49,74.59551,190,386,190,40,0
22,85,100,49,74.59551,190,386,190,43,0
22,90,100,49,74.59551,190,386,190,45,0
22,95,100,49,74.59551,190,386,190,48,0
22,100,100,49,74.59551,190,386,190,50,0
23,0,77,40,58.53962,153,386,198,0,0
23,5,92,47,69.86189,183,386,198,3,0
23,10,99,51,74.97624,196,386,198,5,0
23,15,100,51,75.71349,198,386,198,8,0
23,20,100,51,75.71349,198,386,198,10,0
23,25,100,51,75.71349,198,386,198,13,0
23,30,100,51,75.71349,198,386,198,15,0
23,35,100,51,75.71349,198,386,198,18,0
23,40,100,51,75.71349,198,386,198,20,0
23,45,100,51,75.71349,198,386,198,23,0
23,50,100,51,75.71349,198,386,198,25,0
23,55,100,51,75.71349,198,386,198,28,0
23,60,100,51,75.71349,198,386,198,30,0
23,65,100,51,75.71349,198,386,198,33,0
23,70,100,51,75.71349,198,386,198,35,0
23,75,100,51,75.71349,198,386,198,38,0
23,80,100,51,75.71349,198,386,198,40,0
23,85,100,51,75.71349,198,386,198,43,0
23,90,100,51,75.71349,198,386,198,45,0
23,95,100,51,75.71349,198,386,198,48,0
23,100,100,51,75.71349,198,386,198,50,0
24,0,75,40,57.86547,156,386,207,0,0
24,5,90,48,68.88298,186,386,207,3,0
24,10,98,53,75.53525,204,386,207,5,0
24,15,100,54,76.83147,207,386,207,8,0
24,20,100,54,76.83147,207,386,207,10,0
24,25,100,54,76.83147,207,386,207,13,0
24,30,100,54,76.83147,207,386,207,15,0
24,35,100,54,76.83147,207,386,207,18,0
24,40,100,54,76.83147,207,386,207,20,0
24,45,100,54,76.83147,207,386,207,23,0
24,50,100,54,76.83147,207,386,207,25,0
24,55,100,54,76.83147,207,386,207,28,0
24,60,100,54,76.83147,207,386,207,30,0
24,65,100,54,76.83147,207,386,207,33,0
24,70,100,54,76.83147,207,386,207,35,0
24,75,100,54,76.83147,207,386,207,38,0
24,80,100,54,76.83147,207,386,207,40,0
24,85,100,54,76.83147,207,386,207,43,0
24,90,100,54,76.83147,207,386,207,45,0
24,95,100,54,76.83147,207,386,207,48,0
24,100,100,54,76.83147,207,386,207,50,0
25,0,73,41,57.17930,158,386,216,0,0
25,5,87,49,67.97330,188,386,216,3,0
25,10,97,54,75.85900,210,386,216,5,0
25,15,100,56,77.92821,216,386,216,8,0
25,20,100,56,77.94944,216,386,216,10,0
25,25,100,56,77.94944,216,386,216,13,0
25,30,100,56,77.94944,216,386,216,15,0
25,35,100,56,77.94944,216,386,216,18,0
25,40,100,56,77.94944,216,386,216,20,0
25,45,100,56,77.94944,216,386,216,23,0
25,50,100,56,77.94944,216,386,216,25,0
25,55,100,56,77.94944,216,386,216,28,0
25,60,100,56,77.94944,216,386,216,30,0
25,65,100,56,77.94944,216,386,216,33,0
25,70,100,56,77.94944,216,386,216,35,0
25,75,100,56,77.94944,216,386,216,38,0
25,80,100,56,77.94944,216,386,216,40,0
25,85,100,56,77.94944,216,386,216,43,0
25,90,100,56,77.94944,216,386,216,45,0
25,95,100,56,77.94944,216,386,216,48,0
25,100,100,56,77.94944,216,386,216,50,0
26,0,71,42,56.49091,160,386,224,0,0
26,5,85,49,67.13299,190,386,224,3,0
26,10,95,55,75.43286,214,386,224,5,0
26,15,99,58,78.49444,223,386,224,8,0
26,20,100,58,79.06742,224,386,224,10,0
26,25,100,58,79.06742,224,386,224,13,0
26,30,100,58,79.06742,224,386,224,15,0
26,35,100,58,79.06742,224,386,224,18,0
26,40,100,58,79.06742,224,386,224,20,0
26,45,100,58,79.06742,224,386,224,23,0
26,50,100,58,79.06742,224,386,224,25,0
26,55,100,58,79.06742,224,386,224,28,0
26,60,100,58,79.06742,224,386,224,30,0
26,65,100,58,79.06742,224,386,224,33,0
26,70,100,58,79.06742,224,386,224,35,0
26,75,100,58,79.06742,224,386,224,38,0
26,80,100,58,79.06742,224,386,224,40,0
26,85,100,58,79.06742,224,386,224,43,0
26,90,100,58,79.06742,224,386,224,45,0
26,95,100,58,79.06742,224,386,224,48,0
26,100,100,58,79.06742,224,386,224,50,0
27,0,70,42,55.81717,162,386,233,0,0
27,5,83,50,66.36930,193,386,233,3,0
27,10,93,56,74.80036,217,386,233,5,0
27,15,99,60,79.08601,230,386,233,8,0
27,20,100,60,80.18540,233,386,233,10,0
27,25,100,60,80.18540,233,386,233,13,0
27,30,100,60,80.18540,233,386,233,15,0
27,35,100,60,80.18540,233,386,233,18,0
27,40,100,60,80.18540,233,386,233,20,0
27,45,100,60,80.18540,233,386,233,23,0
27,50,100,60,80.18540,233,386,233,25,0
27,55,100,60,80.18540,233,386,233,28,0
27,60,100,60,80.18540,233,386,233,30,0
27,65,100,60,80.18540,233,386,233,33,0
27,70,100,60,80.18540,233,386,233,35,0
27,75,100,60,80.18540,233,386,233,38,0
27,80,100,60,80.18540,233,386,233,40,0
27,85,100,60,80.18540,233,386,233,43,0
27,90,100,60,80.18540,233,386,233,45,0
27,95,100,60,80.18540,233,386,233,48,0
27,100,100,60,80.18540,233,386,233,50,0
28,0,68,42,55.15613,164,386,242,0,0
28,5,81,51,65.67594,195,386,242,3,0
28,10,91,57,74.09105,220,386,242,5,0
28,15,98,61,79.70047,237,386,242,8,0
28,20,100,63,81.30338,242,386,242,10,0
28,25,100,63,81.30338,242,386,242,13,0
28,30,100,63,81.30338,242,386,242,15,0
28,35,100,63,81.30338,242,386,242,18,0
28,40,100,63,81.30338,242,386,242,20,0
28,45,100,63,81.30338,242,386,242,23,0
28,50,100,63,81.30338,242,386,242,25,0
28,55,100,63,81.30338,242,386,242,28,0
28,60,100,63,81.30338,242,386,242,30,0
28,65,100,63,81.30338,242,386,242,33,0
28,70,100,63,81.30338,242,386,242,35,0
28,75,100,63,81.30338,242,386,242,38,0
28,80,100,63,81.30338,242,386,242,40,0
28,85,100,63,81.30338,242,386,242,43,0
28,90,100,63,81.30338,242,386,242,45,0
28,95,100,63,81.30338,242,386,242,48,0
28,100,100,63,81.30338,242,386,242,50,0
29,0,66,43,54.51476,165,386,250,0,0
29,5,79,51,65.03075,197,386,250,3,0
29,10,89,58,73.26741,222,386,250,5,0
29,15,97,63,79.96924,243,386,250,8,0
29,20,99,64,81.87803,249,386,250,10,0
29,25,100,65,82.42136,250,386,250,13,0
29,30,100,65,82.42136,250,386,250,15,0
29,35,100,65,82.42136,250,386,250,18,0
29,40,100,65,82.42136,250,386,250,20,0
29,45,100,65,82.42136,250,386,250,23,0
29,50,100,65,82.42136,250,386,250,25,0
29,55,100,65,82.42136,250,386,250,28,0
29,60,100,65,82.42136,250,386,250,30,0
29,65,100,65,82.42136,250,386,250,33,0
29,70,100,65,82.42136,250,386,250,35,0
29,75,100,65,82.42136,250,386,250,38,0
29,80,100,65,82.42136,250,386,250,40,0
29,85,100,65,82.42136,250,386,250,43,0
29,90,100,65,82.42136,250,386,250,45,0
29,95,100,65,82.42136,250,386,250,48,0
29,100,100,65,82.42136,250,386,250,50,0
30,0,65,43,53.90232,167,386,259,0,0
30,5,77,52,64.41573,200,386,259,3,0
30,10,87,58,72.48583,225,386,259,5,0
30,15,95,64,79.69589,247,386,259,8,0
30,20,99,66,82.46019,255,386,259,10,0
30,25,100,67,83.26720,258,386,259,13,0
30,30,100,67,83.53933,259,386,259,15,0
30,35,100,67,83.53933,259,386,259,18,0
30,40,100,67,83.53933,259,386,259,20,0
30,45,100,67,83.53933,259,386,259,23,0
30,50,100,67,83.53933,259,386,259,25,0
30,55,100,67,83.53933,259,386,259,28,0
30,60,100,67,83.53933,259,386,259,30,0
30,65,100,67,83.53933,259,386,259,33,0
30,70,100,67,83.53933,259,386,259,35,0
30,75,100,67,83.53933,259,386,259,38,0
30,80,100,67,83.53933,259,386,259,40,0
30,85,100,67,83.53933,259,386,259,43,0
30,90,100,67,83.53933,259,386,259,45,0
30,95,100,67,83.53933,259,386,259,48,0
30,100,100,67,83.53933,259,386,259,50,0
31,0,63,44,53.31787,168,386,267,0,0
31,5,75,52,63.84006,202,386,267,3,0
31,10,85,59,71.75435,227,386,267,5,0
31,15,93,65,79.13821,250,386,267,8,0
31,20,98,68,83.06260,262,386,267,10,0
31,25,99,69,83.85403,265,386,267,13,0
31,30,100,69,84.64546,267,386,267,15,0
31,35,100,69,84.65731,267,386,267,18,0
31,40,100,69,84.65731,267,386,267,20,0
31,45,100,69,84.65731,267,386,267,23,0
31,50,100,69,84.65731,267,386,267,25,0
31,55,100,69,84.65731,267,386,267,28,0
31,60,100,69,84.65731,267,386,267,30,0
31,65,100,69,84.65731,267,386,267,33,0
31,70,100,69,84.65731,267,386,267,35,0
31,75,100,69,84.65731,267,386,267,38,0
31,80,100,69,84.65731,267,386,267,40,0
31,85,100,69,84.65731,267,386,267,43,0
31,90,100,69,84.65731,267,386,267,45,0
31,95,100,69,84.65731,267,386,267,48,0
31,100,100,69,84.65731,267,386,267,50,0
32,0,62,44,52.75892,170,386,276,0,0
32,5,74,53,63.30593,204,386,276,3,0
32,10,83,59,71.07415,229,386,276,5,0
32,15,92,66,78.62943,253,386,276,8,0
32,20,98,70,83.63855,269,386,276,10,1
32,25,98,70,84.46013,272,386,276,13,1
32,30,99,71,85.23695,274,386,276,15,1
32,35,100,72,85.77529,276,386,276,18,1
32,40,100,72,85.77529,276,386,276,20,1
32,45,100,72,85.77529,276,386,276,23,1
32,50,100,72,85.77529,276,386,276,25,1
32,55,100,72,85.77529,276,386,276,28,1
32,60,100,72,85.77529,276,386,276,30,1
32,65,100,72,85.77529,276,386,276,33,1
32,70,100,72,85.77529,276,386,276,35,1
32,75,100,72,85.77529,276,386,276,38,1
32,80,100,72,85.77529,276,386,276,40,1
32,85,100,72,85.77529,276,386,276,43,1
32,90,100,72,85.77529,276,386,276,45,1
32,95,100,72,85.77529,276,386,276,48,1
32,100,100,72,85.77529,276,386,276,50,1
33,0,60,44,52.22544,171,386,285,0,0
33,5,72,53,62.81422,206,386,285,3,0
33,10,81,60,70.44522,231,386,285,5,0
33,15,90,66,78.07623,256,386,285,8,0
33,20,96,71,83.79358,275,386,285,10,1
33,25,98,72,85.08394,279,386,285,13,3
33,30,99,73,85.84704,281,386,285,15,3
33,35,100,74,86.61014,284,386,285,18,3
33,40,100,74,86.89327,285,386,285,20,3
33,45,100,74,86.89327,285,386,285,23,3
33,50,100,74,86.89327,285,386,285,25,3
33,55,100,74,86.89327,285,386,285,28,3
33,60,100,74,86.89327,285,386,285,30,3
33,65,100,74,86.89327,285,386,285,33,3
33,70,100,74,86.89327,285,386,285,35,3
33,75,100,74,86.89327,285,386,285,38,3
33,80,100,74,86.89327,285,386,285,40,3
33,85,100,74,86.89327,285,386,285,43,3
33,90,100,74,86.89327,285,386,285,45,3
33,95,100,74,86.89327,285,386,285,48,3
33,100,100,74,86.89327,285,386,285,50,3
34,0,59,45,51.72025,172,386,293,0,0
34,5,71,54,62.36418,208,386,293,3,0
34,10,79,60,69.86603,233,386,293,5,0
34,15,88,67,77.36789,258,386,293,8,0
34,20,95,72,83.62814,279,386,293,10,1
34,25,97,74,85.72389,286,386,293,13,4
34,30,98,75,86.47408,288,386,293,15,4
34,35,99,75,87.22426,291,386,293,18,4
34,40,100,76,87.97445,293,386,293,20,4
34,45,100,76,88.01124,293,386,293,23,4
34,50,100,76,88.01124,293,386,293,25,4
34,55,100,76,88.01124,293,386,293,28,4
34,60,100,76,88.01124,293,386,293,30,4
34,65,100,76,88.01124,293,386,293,33,4
34,70,100,76,88.01124,293,386,293,35,4
34,75,100,76,88.01124,293,386,293,38,4
34,80,100,76,88.01124,293,386,293,40,4
34,85,100,76,88.01124,293,386,293,43,4
34,90,100,76,88.01124,293,386,293,45,4
34,95,100,76,88.01124,293,386,293,48,4
34,100,100,76,88.01124,293,386,293,50,4
35,0,57,45,51.24034,174,386,302,0,0
35,5,70,54,61.95385,210,386,302,3,0
35,10,78,61,69.33394,235,386,302,5,0
35,15,86,67,76.71402,260,386,302,8,0
35,20,93,73,83.16467,282,386,302,10,1
35,25,97,76,86.37861,293,386,302,13,6
35,30,98,76,87.11662,295,386,302,15,6
35,35,99,77,87.85463,298,386,302,18,6
35,40,99,78,88.59263,300,386,302,20,6
35,45,100,78,89.12922,302,386,302,23,6
35,50,100,78,89.12922,302,386,302,25,6
35,55,100,78,89.12922,302,386,302,28,6
35,60,100,78,89.12922,302,386,302,30,6
35,65,100,78,89.12922,302,386,302,33,6
35,70,100,78,89.12922,302,386,302,35,6
35,75,100,78,89.12922,302,386,302,38,6
35,80,100,78,89.12922,302,386,302,40,6
35,85,100,78,89.12922,302,386,302,43,6
35,90,100,78,89.12922,302,386,302,45,6
35,95,100,78,89.12922,302,386,302,48,6
35,100,100,78,89.12922,302,386,302,50,6
36,0,56,45,50.78172,175,386,311,0,0
36,5,68,55,61.58040,212,386,311,3,0
36,10,76,61,68.84549,237,386,311,5,0
36,15,84,68,76.11057,262,386,311,8,0
36,20,92,74,82.74374,285,386,311,10,1
36,25,96,77,86.83514,299,386,311,13,6
36,30,97,78,87.77337,302,386,311,15,7
36,35,98,79,88.49987,305,386,311,18,7
36,40,99,80,89.22638,307,386,311,20,7
36,45,100,80,89.95289,310,386,311,23,7
36,50,100,80,90.24720,311,386,311,25,7
36,55,100,80,90.24720,311,386,311,28,7
36,60,100,80,90.24720,311,386,311,30,7
36,65,100,80,90.24720,311,386,311,33,7
36,70,100,80,90.24720,311,386,311,35,7
36,75,100,80,90.24720,311,386,311,38,7
36,80,100,80,90.24720,311,386,311,40,7
36,85,100,80,90.24720,311,386,311,43,7
36,90,100,80,90.24720,311,386,311,45,7
36,95,100,80,90.24720,311,386,311,48,7
36,100,100,80,90.24720,311,386,311,50,7
37,0,55,46,50.34395,176,386,319,0,0
37,5,67,55,61.24129,214,386,319,3,0
37,10,75,62,68.39759,239,386,319,5,0
37,15,83,68,75.55388,264,386,319,8,0
37,20,90,75,82.36652,288,386,319,10,1
37,25,95,79,86.93699,304,386,319,13,6
37,30,97,80,88.44317,309,386,319,15,9
37,35,98,81,89.15880,311,386,319,18,9
37,40,98,81,89.87443,314,386,319,20,9
37,45,99,82,90.59006,316,386,319,23,9
37,50,100,83,91.30569,319,386,319,25,9
37,55,100,83,91.36518,319,386,319,28,9
37,60,100,83,91.36518,319,386,319,30,9
37,65,100,83,91.36518,319,386,319,33,9
37,70,100,83,91.36518,319,386,319,35,9
37,75,100,83,91.36518,319,386,319,38,9
37,80,100,83,91.36518,319,386,319,40,9
37,85,100,83,91.36518,319,386,319,43,9
37,90,100,83,91.36518,319,386,319,45,9
37,95,100,83,91.36518,319,386,319,48,9
37,100,100,83,91.36518,319,386,319,50,9
38,0,54,46,49.92315,177,386,328,0,0
38,5,66,56,60.93346,216,386,328,3,0
38,10,74,62,67.98670,241,386,328,5,0
38,15,81,69,75.03993,266,386,328,8,0
38,20,89,75,81.94697,290,386,328,10,2
38,25,94,80,86.86166,308,386,328,13,7
38,30,96,82,89.12477,316,386,328,15,10
38,35,97,83,89.83009,318,386,328,18,10
38,40,98,83,90.53542,321,386,328,20,10
38,45,99,84,91.24074,323,386,328,23,10
38,50,99,84,91.94607,326,386,328,25,10
38,55,100,85,92.48315,328,386,328,28,10
38,60,100,85,92.48315,328,386,328,30,10
38,65,100,85,92.48315,328,386,328,33,10
38,70,100,85,92.48315,328,386,328,35,10
38,75,100,85,92.48315,328,386,328,38,10
38,80,100,85,92.48315,328,386,328,40,10
38,85,100,85,92.48315,328,386,328,43,10
38,90,100,85,92.48315,328,386,328,45,10
38,95,100,85,92.48315,328,386,328,48,10
38,100,100,85,92.48315,328,386,328,50,10
39,0,53,46,49.51545,178,386,336,0,0
39,5,65,56,60.56696,218,386,336,3,0
39,10,72,63,67.60864,243,386,336,5,0
39,15,80,69,74.56410,268,386,336,8,0
39,20,87,76,81.36902,292,386,336,10,2
39,25,92,81,86.54935,311,386,336,13,7
39,30,96,84,89.81717,323,386,336,15,12
39,35,97,84,90.51271,325,386,336,18,12
39,40,97,85,91.20826,328,386,336,20,12
39,45,98,86,91.90380,330,386,336,23,12
39,50,99,86,92.59935,333,386,336,25,12
39,55,100,87,93.29490,335,386,336,28,12
39,60,100,87,93.60113,336,386,336,30,12
39,65,100,87,93.60113,336,386,336,33,12
39,70,100,87,93.60113,336,386,336,35,12
39,75,100,87,93.60113,336,386,336,38,12
39,80,100,87,93.60113,336,386,336,40,12
39,85,100,87,93.60113,336,386,336,43,12
39,90,100,87,93.60113,336,386,336,45,12
39,95,100,87,93.60113,336,386,336,48,12
39,100,100,87,93.60113,336,386,336,50,12
40,0,52,46,49.12295,179,386,345,0,0
40,5,63,57,60.08927,219,386,345,3,0
40,10,71,64,67.25803,245,386,345,5,0
40,15,78,70,74.12060,270,386,345,8,0
40,20,85,76,80.82836,294,386,345,10,2
40,25,91,81,86.18278,314,386,345,13,7
40,30,95,85,89.61407,326,386,345,15,12
40,35,96,86,91.20580,332,386,345,18,13
40,40,97,87,91.89206,335,386,345,20,13
40,45,98,87,92.57832,337,386,345,23,13
40,50,98,88,93.26458,340,386,345,25,13
40,55,99,89,93.95083,342,386,345,28,13
40,60,100,89,94.63709,345,386,345,30,13
40,65,100,89,94.71911,345,386,345,33,13
40,70,100,89,94.71911,345,386,345,35,13
40,75,100,89,94.71911,345,386,345,38,13
40,80,100,89,94.71911,345,386,345,40,13
40,85,100,89,94.71911,345,386,345,43,13
40,90,100,89,94.71911,345,386,345,45,13
40,95,100,89,94.71911,345,386,345,48,13
40,100,100,89,94.71911,345,386,345,50,13
41,0,51,47,48.74701,180,386,354,0,0
41,5,62,57,59.64206,220,386,354,3,0
41,10,70,64,66.93714,247,386,354,5,0
41,15,77,71,73.71136,272,386,354,8,0
41,20,84,77,80.32656,296,386,354,10,2
41,25,90,82,85.85218,317,386,354,13,7
41,30,93,85,89.23929,329,386,354,15,12
41,35,96,88,91.90879,339,386,354,18,15
41,40,97,89,92.58621,342,386,354,20,15
41,45,97,89,93.26364,344,386,354,23,15
41,50,98,90,93.94106,347,386,354,25,15
41,55,99,91,94.61848,349,386,354,28,15
41,60,99,91,95.29590,352,386,354,30,15
41,65,100,92,95.83709,354,386,354,33,15
41,70,100,92,95.83709,354,386,354,35,15
41,75,100,92,95.83709,354,386,354,38,15
41,80,100,92,95.83709,354,386,354,40,15
41,85,100,92,95.83709,354,386,354,43,15
41,90,100,92,95.83709,354,386,354,45,15
41,95,100,92,95.83709,354,386,354,48,15
41,100,100,92,95.83709,354,386,354,50,18
42,0,50,47,48.38510,181,386,362,0,0
42,5,61,57,59.22253,221,386,362,3,0
42,10,69,65,66.64346,249,386,362,5,0
42,15,76,71,73.33353,274,386,362,8,0
42,20,82,77,79.86061,298,386,362,10,2
42,25,88,83,85.55506,320,386,362,13,7
42,30,92,86,88.90010,332,386,362,15,12
42,35,95,89,92.02306,344,386,362,18,16
42,40,96,90,93.29007,349,386,362,20,16
42,45,97,91,93.95908,351,386,362,23,16
42,50,98,92,94.62808,354,386,362,25,16
42,55,98,92,95.29709,356,386,362,28,16
42,60,99,93,95.96610,359,386,362,30,16
42,65,100,94,96.63510,361,386,362,33,16
42,70,100,94,96.95507,362,386,362,35,16
42,75,100,94,96.95507,362,386,362,38,16
42,80,100,94,96.95507,362,386,362,40,17
42,85,100,94,96.95507,362,386,362,43,19
42,90,100,94,96.95507,362,386,362,45,22
42,95,100,94,96.95507,362,386,362,48,24
42,100,100,94,96.95507,362,386,362,50,27
43,0,49,47,48.03935,182,386,371,0,0
43,5,60,58,58.82464,222,386,371,3,0
43,10,68,65,66.37044,251,386,371,5,0
43,15,74,72,72.98027,276,386,371,8,0
43,20,81,78,79.42320,300,386,371,10,2
43,25,87,84,85.20986,322,386,371,13,7
43,30,90,87,88.58892,335,386,371,15,12
43,35,94,90,91.89384,348,386,371,18,17
43,40,96,92,94.00291,356,386,371,20,17
43,45,97,93,94.66390,358,386,371,23,17
43,50,97,93,95.32488,361,386,371,25,17
43,55,98,94,95.98586,363,386,371,28,17
43,60,99,95,96.64685,366,386,371,30,17
43,65,99,95,97.30783,368,386,371,33,17
43,70,100,96,97.96881,371,386,371,35,20
43,75,100,96,98.07304,371,386,371,38,23
43,80,100,96,98.07304,371,386,371,40,25
43,85,100,96,98.07304,371,386,371,43,28
43,90,100,96,98.07304,371,386,371,45,30
43,95,100,96,98.07304,371,386,371,48,33
43,100,100,96,98.07304,371,386,371,50,35
44,0,48,47,47.70742,183,386,380,0,0
44,5,59,58,58.44327,224,386,380,3,0
44,10,67,66,66.11303,253,386,380,5,0
44,15,73,72,72.64627,278,386,380,8,0
44,20,80,78,79.00874,302,386,380,10,2
44,25,85,84,84.69977,324,386,380,13,7
44,30,89,88,88.30077,338,386,380,15,12
44,35,92,91,91.56740,350,386,380,18,17
44,40,95,93,94.06797,360,386,380,20,19
44,45,96,95,95.37724,365,386,380,23,19
44,50,97,95,96.03057,367,386,380,25,19
44,55,97,96,96.68389,370,386,380,28,19
44,60,98,97,97.33722,372,386,380,30,19
44,65,99,97,97.99054,375,386,380,33,22
44,70,99,98,98.64387,377,386,380,35,27
44,75,100,98,99.19102,380,386,380,38,31
44,80,100,98,99.19102,380,386,380,40,34
44,85,100,98,99.19102,380,386,380,43,36
44,90,100,98,99.19102,380,386,380,45,39
44,95,100,98,99.19102,380,386,380,48,41
44,100,100,98,99.19102,380,386,380,50,44
45,0,47,48,47.38985,183,386,388,0,0
45,5,58,58,58.08484,225,386,388,3,0
45,10,66,66,65.83691,255,386,388,5,0
45,15,72,73,72.33777,280,386,388,8,0
45,20,78,79,78.62322,304,386,388,10,2
45,25,84,84,84.22242,326,386,388,13,7
45,30,88,88,87.80168,340,386,388,15,12
45,35,91,91,91.03171,352,386,388,18,17
45,40,93,94,93.75593,363,386,388,20,20
45,45,96,96,95.82054,371,386,388,23,20
45,50,96,97,96.74479,374,386,388,25,20
45,55,97,98,97.39079,377,386,388,28,20
45,60,98,98,98.03680,379,386,388,30,24
45,65,98,99,98.68281,382,386,388,33,29
45,70,99,100,99.32881,384,386,388,35,34
45,75,99,100,99.69290,386,386,388,38,39
45,80,99,100,99.69290,386,386,388,40,42
45,85,99,100,99.69290,386,386,388,43,45
45,90,99,100,99.69290,386,386,388,45,47
45,95,99,100,99.69290,386,386,388,48,50
45,100,99,100,99.69290,386,386,388,50,52
46,0,46,48,47.08528,184,386,397,0,0
46,5,57,59,57.74823,226,386,397,3,0
46,10,64,66,65.41630,256,386,397,5,0
46,15,71,73,72.05351,282,386,397,8,0
46,20,77,79,78.26517,306,386,397,10,2
46,25,83,85,83.77611,328,386,397,13,7
46,30,86,89,87.29790,342,386,397,15,12
46,35,89,92,90.49293,354,386,397,18,17
46,40,92,94,93.17925,365,386,397,20,22
46,45,94,97,95.60402,374,386,397,23,22
46,50,96,99,97.30677,381,386,397,25,26
46,55,97,99,98.10599,384,386,397,28,26
46,60,97,100,98.61262,386,386,397,30,31
46,65,97,100,98.61262,386,386,397,33,36
46,70,97,100,98.61262,386,386,397,35,41
46,75,97,100,98.61262,386,386,397,38,46
46,80,97,100,98.61262,386,386,397,40,51
46,85,97,100,98.61262,386,386,397,43,54
46,90,97,100,98.61262,386,386,397,45,56
46,95,97,100,98.61262,386,386,397,48,59
46,100,97,100,98.61262,386,386,397,50,61
47,0,46,48,46.79199,185,386,405,0,0
47,5,56,59,57.42915,227,386,405,3,0
47,10,63,67,65.01680,257,386,405,5,0
47,15,70,74,71.78931,284,386,405,8,0
47,20,76,80,77.93026,308,386,405,10,2
47,25,81,85,83.35641,330,386,405,13,7
47,30,85,89,86.82294,343,386,405,15,12
47,35,88,92,89.98446,356,386,405,18,17
47,40,90,95,92.63430,366,386,405,20,22
47,45,93,98,95.16352,376,386,405,23,23
47,50,94,99,96.46538,381,386,405,25,28
47,55,95,100,97.57831,386,386,405,28,32
47,60,95,100,97.57831,386,386,405,30,37
47,65,95,100,97.57831,386,386,405,33,42
47,70,95,100,97.57831,386,386,405,35,47
47,75,95,100,97.57831,386,386,405,38,52
47,80,95,100,97.57831,386,386,405,40,57
47,85,95,100,97.57831,386,386,405,43,62
47,90,95,100,97.57831,386,386,405,45,65
47,95,95,100,97.57831,386,386,405,48,67
47,100,95,100,97.57831,386,386,405,50,70
48,0,45,48,46.50923,186,386,414,0,0
48,5,55,59,57.12312,228,386,414,3,0
48,10,62,67,64.63369,258,386,414,5,0
48,15,69,74,71.54105,286,386,414,8,0
48,20,75,80,77.61422,310,386,414,10,2
48,25,80,86,82.95852,331,386,414,13,7
48,30,83,89,86.37173,345,386,414,15,12
48,35,86,93,89.50114,358,386,414,18,17
48,40,89,95,92.11593,368,386,414,20,22
48,45,91,98,94.40610,377,386,414,23,26
48,50,92,99,95.65786,382,386,414,25,31
48,55,93,100,96.58709,386,386,414,28,36
48,60,93,100,96.58709,386,386,414,30,41
48,65,93,100,96.58709,386,386,414,33,46
48,70,93,100,96.58709,386,386,414,35,51
48,75,93,100,96.58709,386,386,414,38,56
48,80,93,100,96.58709,386,386,414,40,61
48,85,93,100,96.58709,386,386,414,43,66
48,90,93,100,96.58709,386,386,414,45,71
48,95,93,100,96.58709,386,386,414,48,76
48,100,93,100,96.58709,386,386,414,50,78
49,0,44,48,46.23657,187,386,423,0,0
49,5,54,59,56.83486,229,386,423,3,0
49,10,61,67,64.27150,259,386,423,5,0
49,15,68,75,71.31257,288,386,423,8,0
49,20,74,81,77.32060,312,386,423,10,2
49,25,79,86,82.58620,333,386,423,13,7
49,30,82,90,85.94789,347,386,423,15,12
49,35,85,93,89.04649,359,386,423,18,17
49,40,87,96,91.62765,370,386,423,20,22
49,45,89,98,93.64750,378,386,423,23,27
49,50,91,99,94.88694,383,386,423,25,32
49,55,91,100,95.63634,386,386,423,28,37
49,60,91,100,95.63634,386,386,423,30,42
49,65,91,100,95.63634,386,386,423,33,47
49,70,91,100,95.63634,386,386,423,35,52
49,75,91,100,95.63634,386,386,423,38,57
49,80,91,100,95.63634,386,386,423,40,62
49,85,91,100,95.63634,386,386,423,43,67
49,90,91,100,95.63634,386,386,423,45,72
49,95,91,100,95.63634,386,386,423,48,77
49,100,91,100,95.63634,386,386,423,50,82
50,0,43,49,45.97255,187,386,431,0,0
50,5,53,60,56.54386,230,386,431,3,0
50,10,60,67,63.92889,260,386,431,5,0
50,15,67,75,71.10255,290,386,431,8,0
50,20,73,81,77.04805,314,386,431,10,2
50,25,78,87,82.23801,335,386,431,13,7
50,30,81,90,85.54987,348,386,431,15,12
50,35,84,94,88.61890,361,386,431,18,17
50,40,86,96,91.16760,371,386,431,20,22
50,45,88,98,92.92277,378,386,431,23,27
50,50,89,99,94.15038,383,386,431,25,32
50,55,89,100,94.72361,386,386,431,28,37
50,60,89,100,94.72361,386,386,431,30,42
50,65,89,100,94.72361,386,386,431,33,47
50,70,89,100,94.72361,386,386,431,35,52
50,75,89,100,94.72361,386,386,431,38,57
50,80,89,100,94.72361,386,386,431,40,62
50,85,89,100,94.72361,386,386,431,43,67
50,90,89,100,94.72361,386,386,431,45,72
50,95,89,100,94.72361,386,386,431,48,77
50,100,89,100,94.72361,386,386,431,50,82